test_name,avg_time,stddev,min_time,max_time,num_runs
test_1,0.000027,0.000000,0.000027,0.000028,5
test_2,52.103393,0.017876,52.073332,52.121322,5
test_3,0.000004,0.000001,0.000003,0.000005,5
test_4,0.000004,0.000000,0.000003,0.000004,5
test_5,0.000005,0.000001,0.000004,0.000006,5
test_6,0.000005,0.000001,0.000004,0.000006,5
test_7,439.094820,0.253135,438.668923,439.426624,5
test_8,13.662676,0.096240,13.539967,13.836856,5
test_9,0.000003,0.000001,0.000002,0.000004,5
